time [s], azimuth [degrees], elevation [degrees]
1755295799.338971, 160.00197959588462, 2.3883791955946848e-09, 
1755295800.0794468, 159.9999947637157, 0.046828805402828105, 
1755295800.8199239, 159.9979953508305, 0.09374719268932001, 
1755295801.5604, 159.995981267228, 0.1407555490200115, 
1755295802.300876, 159.9939524139939, 0.18785445301279385, 
1755295803.041353, 159.9919086939718, 0.2350444878944245, 
1755295803.7818289, 159.9898500149641, 0.2823260493411445, 
1755295804.522306, 159.98777627283346, 0.3296997920889014, 
1755295805.2627819, 159.98568737563014, 0.37716611937179806, 
1755295806.003258, 159.9835832203909, 0.4247256302363414, 
1755295806.7437348, 159.981463706795, 0.4723789284344167, 
1755295807.484211, 159.9793287361899, 0.5201264283269992, 
1755295808.2246869, 159.9771782075041, 0.5679687419055526, 
1755295808.965164, 159.9750120134692, 0.615906485430048, 
1755295809.7056398, 159.9728300557004, 0.6639400851255891, 
1755295810.446116, 159.97063222788123, 0.7120701658615011, 
1755295811.1865928, 159.9684184227709, 0.7602973572263609, 
1755295811.927069, 159.96618853774524, 0.8086220974373711, 
1755295812.6675448, 159.9639424664847, 0.8570450249344973, 
1755295813.408022, 159.96168009638671, 0.9055667825991348, 
1755295814.1484978, 159.9594013249443, 0.9541878213465064, 
1755295814.888975, 159.95710603462945, 1.0029088587339985, 
1755295815.6294508, 159.95479412476394, 1.0517303544886893, 
1755295816.369927, 159.95246547727325, 1.1006529695601048, 
1755295817.110404, 159.95011998109536, 1.1496773707672616, 
1755295817.85088, 159.94775752394168, 1.1988040301476415, 
1755295818.5913558, 159.94537799198523, 1.2480336236723257, 
1755295819.331833, 159.94298126675147, 1.297366832385693, 
1755295820.072309, 159.94056723588338, 1.3468041418925298, 
1755295820.812785, 159.93813578436274, 1.3963462432449274, 
1755295821.553262, 159.93568678076375, 1.4459938315807792, 
1755295822.293738, 159.9332201260941, 1.495747407894171, 
1755295823.0342138, 159.93073568422125, 1.5456076767352414, 
1755295823.7746909, 159.92823333952623, 1.5955753504892372, 
1755295824.515167, 159.9257129711289, 1.6456509425728065, 
1755295825.2556438, 159.92317445157974, 1.6958352426104741, 
1755295825.99612, 159.92061766156849, 1.7461287742387799, 
1755295826.7365959, 159.91804247494017, 1.7965322699135817, 
1755295827.477073, 159.91544875522865, 1.8470464671849176, 
1755295828.2175488, 159.91283639096687, 1.8976719056193978, 
1755295828.958025, 159.91020524257675, 1.9484093332981864, 
1755295829.6985018, 159.90755518206353, 1.9992595054926598, 
1755295830.438978, 159.9048860810314, 2.050222975976672, 
1755295831.1794538, 159.90219780373812, 2.1013005103707303, 
1755295831.919931, 159.8994902186749, 2.1524928812015447, 
1755295832.6604068, 159.89676319319523, 2.2038006579939764, 
1755295833.400884, 159.894016585125, 2.2552246935275257, 
1755295834.1413598, 159.8912502678195, 2.3067655690373465, 
1755295834.881836, 159.8884640976256, 2.3584240794329956, 
1755295835.6223128, 159.88565793047292, 2.410201026243939, 
1755295836.362789, 159.8828316352806, 2.462097007366559, 
1755295837.1032648, 159.87998506366108, 2.5141128359137084, 
1755295837.843742, 159.8771180723339, 2.566249332470392, 
1755295838.5842178, 159.87423052195052, 2.618507111644621, 
1755295839.324694, 159.87132226483462, 2.6708870059650986, 
1755295840.065171, 159.86839314815353, 2.723389854513995, 
1755295840.805647, 159.8654430334483, 2.776016290184989, 
1755295841.5461228, 159.8624717652532, 2.828767164540479, 
1755295842.2865999, 159.85947918942924, 2.8816433366138012, 
1755295843.027076, 159.85646516174685, 2.934645457470521, 
1755295843.7675529, 159.85342952027244, 2.9877744707771723, 
1755295844.508029, 159.85037211904023, 3.041031040282054, 
1755295845.2485049, 159.84729279455524, 3.0944160511423258, 
1755295845.988982, 159.84419138835096, 3.1479303968378045, 
1755295846.7294579, 159.8410677465629, 3.2015747599790987, 
1755295847.469934, 159.8379217059682, 3.2553500473558588, 
1755295848.2104108, 159.83475309794204, 3.3092571730680853, 
1755295848.950887, 159.83156176906883, 3.36329684021872, 
1755295849.6913629, 159.82834754774277, 3.4174699768397607, 
1755295850.43184, 159.82511026351568, 3.4717775193892972, 
1755295851.1723158, 159.82184975666317, 3.526220191212609, 
1755295851.912792, 159.81856585270341, 3.5807989430460094, 
1755295852.6532688, 159.81525837543552, 3.635514733797213, 
1755295853.393745, 159.81192716247153, 3.6903683082247882, 
1755295854.1342218, 159.80857202500664, 3.7453607140890552, 
1755295854.874698, 159.80519279942493, 3.8004927108695887, 
1755295855.6151738, 159.8017893029417, 3.8557652881702342, 
1755295856.355651, 159.79836135095252, 3.911179444184889, 
1755295857.0961268, 159.79490876723324, 3.966735960003828, 
1755295857.836603, 159.79143136764816, 4.02243584992417, 
1755295858.57708, 159.78792896035475, 4.078280136512612, 
1755295859.317556, 159.78440137088577, 4.134269624617866, 
1755295860.0580318, 159.78084840386293, 4.190405353055252, 
1755295860.798509, 159.7772698629448, 4.246688369753444, 
1755295861.538985, 159.77366556745054, 4.30311950335226, 
1755295862.2794619, 159.77003531046054, 4.359699894902481, 
1755295863.019938, 159.76637890868864, 4.416430389426349, 
1755295863.760414, 159.76269615827485, 4.473312069319509, 
1755295864.500891, 159.75898685525092, 4.530346026828129, 
1755295865.2413669, 159.7552508068379, 4.5875331317147054, 
1755295865.981843, 159.751487803198, 4.644874493690287, 
1755295866.7223198, 159.74769763335843, 4.702371232358024, 
1755295867.462796, 159.74388010370467, 4.760024244045416, 
1755295868.2032719, 159.74003499427008, 4.817834666074579, 
1755295868.943749, 159.7361620897908, 4.875803646836668, 
1755295869.6842248, 159.7322611867195, 4.933932108900705, 
1755295870.424701, 159.72833206462337, 4.992221219378807, 
1755295871.1651778, 159.72437449776606, 5.050672155599608, 
1755295871.905654, 159.72038827739073, 5.109285867883726, 
1755295872.6461308, 159.7163731699394, 5.168063632767178, 
1755295873.386607, 159.71232896438383, 5.22700641985002, 
1755295874.1270828, 159.7082554210255, 5.286115445873856, 
1755295874.86756, 159.70415230981143, 5.3453919399467855, 
1755295875.6080358, 159.70001940803547, 5.404836900426716, 
1755295876.348512, 159.69585647902258, 5.464451576741925, 
1755295877.0889888, 159.69166327950896, 5.524237229366322, 
1755295877.829465, 159.68743957682932, 5.5841948866194, 
1755295878.5699408, 159.68318513207728, 5.644325831098235, 
1755295879.310418, 159.6788996884143, 5.704631355698492, 
1755295880.0508938, 159.67458301519392, 5.76511252096329, 
1755295880.79137, 159.6702348577308, 5.825770642450108, 
1755295881.531847, 159.66585495655295, 5.8866070476861765, 
1755295882.272323, 159.66144307154806, 5.947622829341674, 
1755295883.0128, 159.65699893198968, 6.008819420428184, 
1755295883.7532759, 159.65252229056864, 6.070197935632929, 
1755295884.493752, 159.6480128844008, 6.131759749777878, 
1755295885.2342288, 159.64347043526877, 6.193506249274473, 
1755295885.974705, 159.6388946910132, 6.255438583427558, 
1755295886.7151809, 159.6342853751416, 6.317558163276446, 
1755295887.455658, 159.62964220810207, 6.379866413333457, 
1755295888.1961339, 159.62496492533128, 6.442364517818929, 
1755295888.93661, 159.6202532436219, 6.505053926169986, 
1755295889.6770868, 159.61550687453322, 6.56793610138091, 
1755295890.417563, 159.61072554490553, 6.631012264267037, 
1755295891.1580398, 159.6059089526807, 6.69428398897545, 
1755295891.898516, 159.60105681981594, 6.75775252152145, 
1755295892.6389918, 159.5961688508508, 6.821419378119432, 
1755295893.379469, 159.59124473430379, 6.885286088097788, 
1755295894.1199448, 159.5862841860824, 6.94935393670155, 
1755295894.860421, 159.58128689357227, 7.01362448090046, 
1755295895.6008978, 159.57625254915223, 7.078099293725852, 
1755295896.341374, 159.571180850685, 7.142779699556506, 
1755295897.0818498, 159.56607147640523, 7.207667298740738, 
1755295897.822327, 159.56092410631152, 7.272763707519162, 
1755295898.5628028, 159.5557384292884, 7.338070292051877, 
1755295899.303279, 159.55051411731242, 7.403588697564915, 
1755295900.043756, 159.5452508364194, 7.469320585245835, 
1755295900.784232, 159.53994826400194, 7.5352673640631265, 
1755295901.524709, 159.5346060569843, 7.601430815327429, 
1755295902.2651849, 159.5292238866375, 7.667812377700965, 
1755295903.005661, 159.5238013998166, 7.734413773498078, 
1755295903.7461379, 159.51833825234888, 7.801236743576005, 
1755295904.486614, 159.51283410216377, 7.8682827719133455, 
1755295905.22709, 159.50728858644925, 7.93555363002608, 
1755295905.967567, 159.50170134477094, 8.003051107597376, 
1755295906.7080429, 159.496072023343, 8.070776735960994, 
1755295907.448519, 159.49040025141954, 8.138732337692062, 
1755295908.1889958, 159.48468565392224, 8.206919753389974, 
1755295908.929472, 159.47892786486233, 8.275340563418625, 
1755295909.6699479, 159.47312650511358, 8.343996643142603, 
1755295910.410425, 159.4672811710729, 8.412889884495389, 
1755295911.1509008, 159.46139150619663, 8.482021921025547, 
1755295911.891378, 159.45545709105764, 8.551394774134577, 
1755295912.6318538, 159.44947754928043, 8.621010110972781, 
1755295913.37233, 159.44345246912954, 8.690869897217928, 
1755295914.1128068, 159.43738143727492, 8.760976118979205, 
1755295914.853283, 159.431264059261, 8.8313304967819, 
1755295915.5937588, 159.42509991004414, 8.901935054026433, 
1755295916.334236, 159.41888856396696, 8.972791835208122, 
1755295917.0747118, 159.41262961119273, 9.043902616656691, 
1755295917.815188, 159.4063226082549, 9.11526948093102, 
1755295918.555665, 159.3999671153602, 9.18689453307298, 
1755295919.296141, 159.3935627089085, 9.258779607412212, 
1755295920.036618, 159.38710892546575, 9.330926946466573, 
1755295920.777094, 159.38060532655982, 9.40333842381864, 
1755295921.51757, 159.37405145236167, 9.47601622745398, 
1755295922.2580469, 159.36744682585746, 9.548962566720814, 
1755295922.998523, 159.36079100394934, 9.622179378131584, 
1755295923.738999, 159.3540835007645, 9.69566891415033, 
1755295924.479476, 159.34732382553622, 9.769433450866428, 
1755295925.2199519, 159.34051151724995, 9.843474988584015, 
1755295925.960428, 159.33364606883617, 9.91779584735165, 
1755295926.7009048, 159.32672697966095, 9.992398373053332, 
1755295927.441381, 159.3197537618752, 10.06728463114249, 
1755295928.1818569, 159.31272589914505, 10.14245701334181, 
1755295928.922334, 159.30564286393846, 10.217917935847671, 
1755295929.6628098, 159.29850415577368, 10.29366953370779, 
1755295930.403287, 159.2913092221544, 10.369714373737299, 
1755295931.1437628, 159.2840575557439, 10.446054638858312, 
1755295931.884239, 159.27674859803992, 10.5226928429852, 
1755295932.6247158, 159.26938179284815, 10.599631527934523, 
1755295933.365192, 159.26195660586436, 10.676872949039502, 
1755295934.1056678, 159.25447246234867, 10.754419698455168, 
1755295934.846145, 159.24692878367082, 10.83227439659559, 
1755295935.5866208, 159.2393250122559, 10.910439374517741, 
1755295936.327097, 159.23166055857874, 10.988917305907218, 
1755295937.0675738, 159.2239348145424, 11.067710892078724, 
1755295937.80805, 159.21614720549024, 11.14682254339971, 
1755295938.5485258, 159.20829711167835, 11.22625501655474, 
1755295939.289003, 159.20038390882922, 11.30601109843452, 
1755295940.0294788, 159.1924069956993, 11.386093280941392, 
1755295940.7699559, 159.18436572110494, 11.466504516917006, 
1755295941.510432, 159.1762594641981, 11.547247354206181, 
1755295942.250908, 159.1680875728794, 11.628324697081544, 
1755295942.991385, 159.15984937280214, 11.709739479992269, 
1755295943.7318609, 159.15154422668525, 11.791494339217795, 
1755295944.472337, 159.143171450211, 11.873592270734187, 
1755295945.2128139, 159.13473034976025, 11.956036303619928, 
1755295945.95329, 159.12622025204575, 12.038829163600791, 
1755295946.6937659, 159.11764044769996, 12.121973943114602, 
1755295947.434243, 159.1089902201539, 12.205473769011515, 
1755295948.1747189, 159.10026886978287, 12.289331461505455, 
1755295948.915196, 159.0914756452155, 12.373550326574946, 
1755295949.6556718, 159.0826098251465, 12.458133248949414, 
1755295950.396148, 159.0736706588699, 12.543083490260893, 
1755295951.1366248, 159.06465736628815, 12.628404346476302, 
1755295951.877101, 159.0555692074112, 12.714098804141, 
1755295952.6175768, 159.04640538887398, 12.800170229890332, 
1755295953.358054, 159.03716510871283, 12.886622028524574, 
1755295954.0985298, 159.02784758908274, 12.973457290432247, 
1755295954.839006, 159.01845200362402, 13.060679492485614, 
1755295955.5794828, 159.00897751546194, 13.148292151390619, 
1755295956.319959, 158.99942331995265, 13.236298466726085, 
1755295957.0604348, 158.989788550796, 13.324702029770735, 
1755295957.800912, 158.98007234092623, 13.413506473962176, 
1755295958.5413878, 158.97027383782572, 13.502715110318201, 
1755295959.281865, 158.96039214059883, 13.59233177246062, 
1755295960.022341, 158.95042637489647, 13.682359849557367, 
1755295960.762817, 158.94037561871886, 13.772803134930065, 
1755295961.503294, 158.93023894054076, 13.863665465968596, 
1755295962.24377, 158.92001543034073, 13.954950352685202, 
1755295962.984246, 158.90970412617617, 14.046661715529787, 
1755295963.7247229, 158.8993040505923, 14.138803520182394, 
1755295964.465199, 158.88881425580405, 14.231379402333332, 
1755295965.205675, 158.87823374164478, 14.324393415259097, 
1755295965.946152, 158.86756148775498, 14.417849658552615, 
1755295966.6866279, 158.85679649576454, 14.511751897366803, 
1755295967.427104, 158.84593773166176, 14.60610432385512, 
1755295968.1675808, 158.8349841190919, 14.700911175562105, 
1755295968.908057, 158.82393462531127, 14.79617635457916, 
1755295969.6485338, 158.81278814353965, 14.891904324367488, 
1755295970.38901, 158.80154360160324, 14.988099079366018, 
1755295971.1294858, 158.7901998750998, 15.084765051816225, 
1755295971.869963, 158.7787558196755, 15.181906725817571, 
1755295972.6104388, 158.76721031234865, 15.279528240565822, 
1755295973.350915, 158.75556217992272, 15.377634181276973, 
1755295974.0913918, 158.74381022281833, 15.476229186279662, 
1755295974.831868, 158.73195326844632, 15.57531754596128, 
1755295975.5723438, 158.71999008364375, 15.674904003562556, 
1755295976.312821, 158.7079194187419, 15.774993358921416, 
1755295977.0532968, 158.69574004438027, 15.875590059219858, 
1755295977.793774, 158.68345065854913, 15.97669915038343, 
1755295978.5342498, 158.67104998898503, 16.078325187120118, 
1755295979.274726, 158.65853671285097, 16.1804731924644, 
1755295980.015203, 158.64590947215768, 16.283148247829008, 
1755295980.755679, 158.6331669405558, 16.386355076597596, 
1755295981.4961548, 158.62030773039166, 16.49009887780168, 
1755295982.2366319, 158.60733040749122, 16.594384910138356, 
1755295982.977108, 158.59423360346585, 16.6992180742987, 
1755295983.717584, 158.58101583923764, 16.804603749649704, 
1755295984.458061, 158.56767563736966, 16.910547384000207, 
1755295985.1985369, 158.55421153534937, 17.017054056314063, 
1755295985.939013, 158.54062199671796, 17.124129338540268, 
1755295986.6794899, 158.52690546543448, 17.23177887103974, 
1755295987.419966, 158.51306041034417, 17.34000792226959, 
1755295988.1604428, 158.4990852015069, 17.448822410150605, 
1755295988.900919, 158.4849782609749, 17.558227733948137, 
1755295989.6413949, 158.47073791731148, 17.66822979984197, 
1755295990.381872, 158.4563624855717, 17.778834588401548, 
1755295991.1223478, 158.44185029981574, 17.89004769962306, 
1755295991.862824, 158.4271996117664, 18.00187525268926, 
1755295992.6033008, 158.41240864932197, 18.114323442494964, 
1755295993.343777, 158.39747565461934, 18.22739807841779, 
1755295994.0842528, 158.3823988033043, 18.341105501778127, 
1755295994.82473, 158.36717621265421, 18.455452128195503, 
1755295995.5652058, 158.35180605257878, 18.57044398815159, 
1755295996.305682, 158.33628638415018, 18.686087649544667, 
1755295997.0461588, 158.32061524825474, 18.802389763022564, 
1755295997.786635, 158.3047906992576, 18.91935658405904, 
1755295998.527112, 158.2888106885933, 19.036995079860286, 
1755295999.267588, 158.27267320344816, 19.15531166273543, 
1755296000.0080638, 158.25637615022518, 19.274313305371628, 
1755296000.7485409, 158.2399173734503, 19.394007063420275, 
1755296001.489017, 158.22329476529853, 19.51439959390624, 
1755296002.229493, 158.20650610390283, 19.635498121488062, 
1755296002.96997, 158.1895491318939, 19.757309961609657, 
1755296003.710446, 158.17242161929406, 19.87984202254984, 
1755296004.450922, 158.1551212280926, 20.003101794056757, 
1755296005.1913989, 158.1376455712452, 20.127096858413807, 
1755296005.931875, 158.11999230089853, 20.251834387133243, 
1755296006.6723518, 158.1021589194967, 20.37732231355882, 
1755296007.412828, 158.08414298849672, 20.50356798953027, 
1755296008.1533039, 158.06594194511257, 20.630579367605588, 
1755296008.893781, 158.0475531834194, 20.758364500619855, 
1755296009.6342568, 158.0289741243192, 20.886931019730838, 
1755296010.374733, 158.01020206203742, 21.016287170414454, 
1755296011.1152098, 157.9912342363625, 21.146441300745654, 
1755296011.855686, 157.97206792720615, 21.27740133369492, 
1755296012.5961618, 157.95270027072482, 21.409175817863392, 
1755296013.336639, 157.93312834966883, 21.54177340945662, 
1755296014.0771148, 157.91334928264303, 21.675202332601675, 
1755296014.817591, 157.89336003465976, 21.809471450562373, 
1755296015.5580678, 157.87315752981917, 21.944589740387226, 
1755296016.298544, 157.85273870197787, 22.080565737354323, 
1755296017.039021, 157.83210032123552, 22.217408818564813, 
1755296017.779497, 157.81123920651038, 22.355127735526544, 
1755296018.5199728, 157.79015202637729, 22.493731904303676, 
1755296019.26045, 157.7688353795931, 22.63323085862993, 
1755296020.000926, 157.74728589985935, 22.773633683432042, 
1755296020.741402, 157.72550005104537, 22.914950141787767, 
1755296021.481879, 157.7034742306834, 23.057190119521007, 
1755296022.222355, 157.68120485211458, 23.200363044353377, 
1755296022.9628308, 157.6586881692772, 23.344479039815802, 
1755296023.7033079, 157.6359203574619, 23.489548355833595, 
1755296024.443784, 157.61289760523084, 23.635580776578184, 
1755296025.18426, 157.5896159381241, 23.78258679882746, 
1755296025.924737, 157.56607128319678, 23.93057704768703, 
1755296026.6652129, 157.54225959337623, 24.07956167729251, 
1755296027.40569, 157.51817659551372, 24.22955177023992, 
1755296028.1461658, 157.4938180771593, 24.380557734686978, 
1755296028.886642, 157.46917961520762, 24.53259071313764, 
1755296029.6271188, 157.44425670990975, 24.68566198898224, 
1755296030.367595, 157.41904484973176, 24.839782356297135, 
1755296031.1080709, 157.39353934772848, 24.994963367292073, 
1755296031.848548, 157.36773539531424, 25.151216713759126, 
1755296032.5890238, 157.3416281946321, 25.30855359321627, 
1755296033.3295, 157.31521273743397, 25.46698597534313, 
1755296034.0699768, 157.2884839033405, 25.62652597596329, 
1755296034.810453, 157.26143656146246, 25.787185205053085, 
1755296035.5509298, 157.23406533521185, 25.94897628367171, 
1755296036.291406, 157.20636486625926, 26.11191110478843, 
1755296037.0318818, 157.17832957330856, 26.27600236429155, 
1755296037.772359, 157.14995374128821, 26.441262910333624, 
1755296038.5128348, 157.12123163279415, 26.60770506818825, 
1755296039.253311, 157.0921572954598, 26.77534198774354, 
1755296039.993788, 157.062724598317, 26.944186969242825, 
1755296040.734264, 157.0329274261812, 27.11425278713011, 
1755296041.4747398, 157.0027593785921, 27.285553049179065, 
1755296042.2152169, 156.97221391497115, 27.45810152617277, 
1755296042.955693, 156.94128446694768, 27.631911445250054, 
1755296043.696169, 156.90996418027467, 27.806996888363436, 
1755296044.436646, 156.87824604348324, 27.983372103221793, 
1755296045.1771219, 156.84612301203572, 28.16105078273358, 
1755296045.917599, 156.8135876727967, 28.340047731393124, 
1755296046.6580749, 156.78063266238553, 28.520376961337, 
1755296047.398551, 156.7472502399627, 28.70205335904158, 
1755296048.1390278, 156.71343253479452, 28.88509199219844, 
1755296048.879504, 156.67917158166296, 29.06950734298406, 
1755296049.6199799, 156.64445909623674, 29.255314801132624, 
1755296050.360457, 156.60928658932818, 29.442529930005087, 
1755296051.1009328, 156.57364550010897, 29.63116769829712, 
1755296051.841409, 156.53752690399006, 29.821243998103522, 
1755296052.5818858, 156.50092165579423, 30.012774897098883, 
1755296053.322362, 156.46382052796477, 30.20577585312636, 
1755296054.0628378, 156.42621390209865, 30.400263265919335, 
1755296054.803315, 156.38809191081174, 30.596253710823664, 
1755296055.5437908, 156.34944458967644, 30.793763135801047, 
1755296056.284268, 156.31026151248423, 30.992808721860055, 
1755296057.0247438, 156.27053217593482, 31.19340674252675, 
1755296057.76522, 156.23024564444722, 31.39557444554407, 
1755296058.505697, 156.1893906987346, 31.599329256036846, 
1755296059.246173, 156.1479559785151, 31.804687936766623, 
1755296059.9866488, 156.10592965136098, 32.011668241963896, 
1755296060.727126, 156.06329956698494, 32.22028809997083, 
1755296061.467602, 156.0200534030106, 32.43056475440294, 
1755296062.208078, 155.97617834516836, 32.64251646003639, 
1755296062.948555, 155.9316612073588, 32.85616164003292, 
1755296063.689031, 155.8864886170398, 33.07151801005706, 
1755296064.429508, 155.8406466031783, 33.28860460857453, 
1755296065.1699839, 155.79412102301083, 33.507439457186564, 
1755296065.91046, 155.74689715651868, 33.72804161366965, 
1755296066.6509368, 155.69895985360256, 33.950430296723574, 
1755296067.391413, 155.65029373576473, 34.174623975550894, 
1755296068.1318889, 155.6008827714001, 34.40064216464997, 
1755296068.872366, 155.55071046276342, 34.62850453425505, 
1755296069.6128418, 155.4997600231288, 34.858229969570836, 
1755296070.353318, 155.44801398227003, 35.08983842012531, 
1755296071.0937948, 155.39545430567452, 35.32334997170765, 
1755296071.834271, 155.34206269169906, 35.55878390494642, 
1755296072.5747468, 155.28782000730854, 35.79616055864838, 
1755296073.315224, 155.23270657623883, 36.0355004124448, 
1755296074.0556998, 155.1767023168024, 36.27682308502221, 
1755296074.796177, 155.11978622723345, 36.52014960582346, 
1755296075.5366528, 155.0619369699745, 36.765499801652425, 
1755296076.277129, 155.00313229109526, 37.01289458088764, 
1755296077.0176058, 154.94334923112046, 37.26235495475737, 
1755296077.758082, 154.88256434754538, 37.51390100891517, 
1755296078.4985578, 154.82075317861984, 37.7675539116687, 
1755296079.239035, 154.75789049122642, 38.02333491775793, 
1755296079.9795108, 154.69395046485496, 38.28126430083792, 
1755296080.719987, 154.62890617595087, 38.54136342259977, 
1755296081.460464, 154.56272981310394, 38.80365370225839, 
1755296082.20094, 154.49539287689268, 39.06815552018031, 
1755296082.9414158, 154.42686567378922, 39.334890349286084, 
1755296083.6818929, 154.3571174481007, 39.60387967475151, 
1755296084.422369, 154.28611671518453, 39.875143897682996, 
1755296085.1628458, 154.21383048659362, 40.14870485869975, 
1755296085.903322, 154.1402250406123, 40.424582905366826, 
1755296086.6437979, 154.06526513957996, 40.70279944377546, 
1755296087.384275, 153.98891432097156, 40.98337584401137, 
1755296088.1247509, 153.9111351059381, 41.266332260818054, 
1755296088.865227, 153.83188837109353, 41.55168990204254, 
1755296089.6057038, 153.75113353520047, 41.839469877923314, 
1755296090.34618, 153.66882888079468, 42.12969201295932, 
1755296091.0866559, 153.58493079466024, 42.42237715166674, 
1755296091.827133, 153.4993940363845, 42.71754599135474, 
1755296092.5676088, 153.41217200665605, 43.01521785011568, 
1755296093.308086, 153.32321585878861, 43.31541344239367, 
1755296094.0485618, 153.23247534169897, 43.61815163854583, 
1755296094.789038, 153.13989790694296, 43.92345227683877, 
1755296095.5295148, 153.0454289225987, 44.23133492722535, 
1755296096.269991, 152.94901199556702, 44.54181761046856, 
1755296097.0104668, 152.85058810333356, 44.85491926478587, 
1755296097.750944, 152.75009581314413, 45.1706584753736, 
1755296098.4914198, 152.6474716327982, 45.48905216303354, 
1755296099.231896, 152.5426490338545, 45.8101181006083, 
1755296099.972373, 152.43555871711888, 46.1338736183111, 
1755296100.712849, 152.32612895214848, 46.46033424959478, 
1755296101.4533248, 152.21428450184726, 46.78951630423698, 
1755296102.1938019, 152.09994691217116, 47.12143554258873, 
1755296102.934278, 151.98303483908924, 47.45610577932545, 
1755296103.6747549, 151.86346271898964, 47.79354197404257, 
1755296104.415231, 151.74114191031518, 48.13375659040667, 
1755296105.155707, 151.61597930451828, 48.476762714520916, 
1755296105.896184, 151.48787761278098, 48.822572667992695, 
1755296106.6366599, 151.35673565613604, 49.17119653578619, 
1755296107.377136, 151.22244705670923, 49.52264491170762, 
1755296108.1176128, 151.08490053978701, 49.87692747720482, 
1755296108.858089, 150.9439801274256, 50.23405146541497, 
1755296109.5985649, 150.79956379383844, 50.59402449309351, 
1755296110.339042, 150.6515236392012, 50.95685306857059, 
1755296111.0795178, 150.499726215704, 51.32254105372871, 
1755296111.819994, 150.3440308550497, 51.691092509656976, 
1755296112.5604708, 150.18428996029468, 52.062510200760705, 
1755296113.300947, 150.02034915822605, 52.43679397461772, 
1755296114.0414238, 149.85204537614138, 52.81394422046008, 
1755296114.7819, 149.67920808516357, 53.193957731793596, 
1755296115.5223758, 149.50165719943212, 53.57683117730584, 
1755296116.262853, 149.3192031587919, 53.962559498560914, 
1755296117.0033288, 149.13164711756008, 54.351134243310945, 
1755296117.743805, 148.9387787200937, 54.742546565428654, 
1755296118.484282, 148.74037620668784, 55.13678560491946, 
1755296119.224758, 148.53620636456685, 55.53383672665398, 
1755296119.9652338, 148.32602221608025, 55.93368463241967, 
1755296120.705711, 148.10956277103145, 56.33631161995002, 
1755296121.4461868, 147.88655302946736, 56.74169581978951, 
1755296122.1866639, 147.65670087784363, 57.14981487125391, 
1755296122.92714, 147.41969833181875, 57.560641384965635, 
1755296123.667616, 147.17521816381054, 57.97414663310651, 
1755296124.408093, 146.92291346667048, 58.390298747077715, 
1755296125.1485689, 146.66241723906458, 58.809060823469416, 
1755296125.889045, 146.39333884808065, 59.23039412314545, 
1755296126.6295218, 146.11526319140978, 59.654256169190965, 
1755296127.369998, 145.8277500623103, 60.080598800152444, 
1755296128.1104739, 145.53032991710913, 60.50937138037407, 
1755296128.850951, 145.22250262714678, 60.94051880807867, 
1755296129.5914268, 144.90373650720338, 61.37397951054785, 
1755296130.331903, 144.57346308300663, 61.80968860329556, 
1755296131.0723798, 144.2310755087371, 62.2475758619185, 
1755296131.812856, 143.87592683453448, 62.68756355868902, 
1755296132.5533328, 143.5073233256153, 63.129570231418214, 
1755296133.293809, 143.1245245458574, 63.5735055007615, 
1755296134.0342848, 142.72673591700936, 64.01927380775112, 
1755296134.774762, 142.31310552622048, 64.46677209322502, 
1755296135.5152378, 141.8827211374809, 64.9158874629883, 
1755296136.255714, 141.43460132758108, 65.36650015783229, 
1755296136.9961908, 140.96769136680743, 65.81848113020284, 
1755296137.736667, 140.48085866066538, 66.27168942570081, 
1755296138.4771428, 139.9728820258498, 66.72597504423328, 
1755296139.21762, 139.44244581635942, 67.1811762231338, 
1755296139.9580958, 138.888133729405, 67.63711655073848, 
1755296140.698572, 138.30841545981653, 68.09360756230748, 
1755296141.439049, 137.70163871706168, 68.55044564756142, 
1755296142.179525, 137.06602105002287, 69.0074088151677, 
1755296142.920002, 136.39963228496825, 69.46425945876864, 
1755296143.6604779, 135.70038886627344, 69.9207377213376, 
1755296144.400954, 134.96603396694445, 70.3765638480884, 
1755296145.1414309, 134.1941257256506, 70.83143424313886, 
1755296145.881907, 133.38202510732157, 71.28501717169732, 
1755296146.6223829, 133.25480502234134, 71.73695380396035, 
1755296147.36286, 134.36552052234134, 72.18685337662463, 
1755296148.1033359, 135.47623452234134, 72.6342880449578, 
1755296148.843812, 136.58694852234134, 73.07879285189, 
1755296149.5842888, 137.69766402234134, 73.51985980054278, 
1755296150.324765, 138.80837802234134, 73.95693159287057, 
1755296151.0652418, 139.91909352234134, 74.38940088011161, 
1755296151.805718, 141.02980752234134, 74.81660017389925, 
1755296152.5461938, 142.14052152234134, 75.23780021608304, 
1755296153.286671, 143.25123702234134, 75.65220212176163, 
1755296154.0271468, 144.36195102234134, 76.05892934535056, 
1755296154.767623, 145.47266502234135, 76.45702467746955, 
1755296155.5080998, 146.58338052234134, 76.84544216625987, 
1755296156.248576, 147.69409452234135, 77.22303989128113, 
1755296156.9890518, 148.80480852234135, 77.58857822036197, 
1755296157.729529, 149.91552402234134, 77.94071496462277, 
1755296158.4700048, 151.02623802234135, 78.2780031327736, 
1755296159.210481, 152.13695202234135, 78.59889630691352, 
1755296159.950958, 153.24766752234135, 78.90175401432164, 
1755296160.691434, 154.35838152234135, 80.0035695, 
1755296161.431911, 155.46909702234134, 81.114285, 
1755296162.172387, 156.57981102234135, 82.224999, 
1755296162.912863, 157.69052502234135, 83.335713, 
1755296163.6533399, 158.80124052234135, 84.4464285, 
1755296164.393816, 159.91195452234135, 85.5571425, 
1755296165.134292, 161.02266852234135, 86.6678565, 
1755296165.874769, 162.13338402234135, 87.778572, 
1755296166.6152449, 163.24409802234135, 88.889286, 
1755296167.355721, 164.35481202234135, 90.0, 
1755296168.0961978, 165.46552752234135, 91.1107155, 
1755296168.836674, 166.57624152234135, 92.2214295, 
1755296169.5771508, 167.68695702234135, 93.332145, 
1755296170.317627, 168.79767102234135, 94.442859, 
1755296171.0581028, 169.90838502234135, 95.553573, 
1755296171.79858, 171.01910052234135, 96.6642885, 
1755296172.5390558, 172.12981452234135, 97.7750025, 
1755296173.279532, 173.24052852234135, 98.8857165, 
1755296174.0200088, 174.35124402234135, 99.996432, 
1755296174.760485, 175.46195802234135, 100.86429372931453, 
1755296175.5009608, 176.57267202234135, 101.15083128868754, 
1755296176.241438, 177.68338752234135, 101.45676117605016, 
1755296176.9819138, 178.79410152234135, 101.78037381338638, 
1755296177.72239, 179.90481552234135, 102.12004527232408, 
1755296178.4628668, 181.01553102234135, 102.47424760196274, 
1755296179.203343, 182.12624502234135, 102.84155328365115, 
1755296179.94382, 183.23696052234135, 103.22064034601634, 
1755296180.684296, 184.34767452234135, 103.61028698267131, 
1755296181.4247718, 185.45838852234135, 104.00937149792901, 
1755296182.1652489, 186.56910402234135, 104.41686574343848, 
1755296182.905725, 187.67981802234135, 104.83182749094762, 
1755296183.646201, 188.79053202234135, 105.25339738351653, 
1755296184.386678, 189.90124752234135, 105.6807909057415, 
1755296185.1271539, 191.01196152234135, 106.11329029207589, 
1755296185.86763, 192.12267552234135, 106.55024194474015, 
1755296186.6081069, 193.23339102234135, 106.99104906755477, 
1755296187.348583, 194.34410502234135, 107.43516456371388, 
1755296188.0890589, 194.13223830513013, 107.88208977985241, 
1755296188.829536, 193.24015797410308, 108.33136831035598, 
1755296189.5700119, 192.3936058461366, 108.78258015711165, 
1755296190.310489, 191.58953578819487, 109.23534236302244, 
1755296191.0509648, 190.82513571658632, 109.68930088514253, 
1755296191.791441, 190.09780325489513, 110.14413193160837, 
1755296192.5319178, 189.40513355707245, 110.59953752334597, 
1755296193.272394, 188.74490662237937, 111.05524128182991, 
1755296194.0128698, 188.11506744509865, 111.51099001848239, 
1755296194.753347, 187.51371562573468, 111.96655000139731, 
1755296195.4938228, 186.9390951691413, 112.42170342043539, 
1755296196.234299, 186.38957816864624, 112.87625056977274, 
1755296196.9747758, 185.86365663103768, 113.33000663240475, 
1755296197.715252, 185.3599348280026, 113.78279863572128, 
1755296198.455729, 184.8771152997582, 114.23446863544382, 
1755296199.196205, 184.4139961353694, 114.68486784037448, 
1755296199.9366808, 183.96945871384662, 115.13385999502083, 
1755296200.6771579, 183.54246302396618, 115.58131874203988, 
1755296201.417634, 183.13204281702468, 116.02712508609169, 
1755296202.15811, 182.7372965363919, 116.47117036638053, 
1755296202.898587, 182.35738375388556, 116.91335383226487, 
1755296203.639063, 181.99152188643978, 117.35358032043973, 
1755296204.379539, 181.6389787092989, 117.79176334190781, 
1755296205.1200159, 181.29906996002964, 118.22782282566683, 
1755296205.860492, 180.97115691684454, 118.66168295039824, 
1755296206.600968, 180.654640402292, 119.09327529740227, 
1755296207.341445, 180.34895901169187, 119.52253672209741, 
1755296208.0819209, 180.05358759514195, 119.94940730562357, 
1755296208.822398, 179.76803171134964, 120.37383410821799, 
1755296209.5628738, 179.49182857656405, 120.79576628469927, 
1755296210.30335, 179.22454206894867, 121.215158847785, 
1755296211.0438268, 178.96576197200233, 121.63197069899884, 
1755296211.784303, 178.71510317532704, 122.04616273400337, 
1755296212.5247788, 178.47220184664178, 122.4577010165468, 
1755296213.265256, 178.2367150241862, 122.86655488019179, 
1755296214.0057318, 178.00832004536858, 123.27269511100081, 
1755296214.746208, 177.78671138265508, 123.67609709044308, 
1755296215.4866848, 177.57160039235504, 124.07673896601344, 
1755296216.227161, 177.36271504702518, 124.47459989586824, 
1755296216.9676368, 177.15979710932538, 124.86966315586038, 
1755296217.708114, 176.9626021797037, 125.26191436646968, 
1755296218.4485898, 176.77089946908814, 125.65133979842159, 
1755296219.189067, 176.58446923317098, 126.0379299510075, 
1755296219.929543, 176.40310400242703, 126.4216752352424, 
1755296220.670019, 176.22660615269098, 126.80256953243418, 
1755296221.410496, 176.05478802315088, 127.18060850915809, 
1755296222.150972, 175.88747199441178, 127.55578800814135, 
1755296222.8914478, 175.7244884742858, 127.92810702327523, 
1755296223.6319249, 175.5656761853465, 128.29756606106275, 
1755296224.372401, 175.4108822073369, 128.6641655827474, 
1755296225.112877, 175.25996031033543, 129.0279089169245, 
1755296225.853354, 175.1127711538827, 129.38880067344687, 
1755296226.5938299, 174.9691824893232, 129.74684522567895, 
1755296227.334307, 174.82906739924056, 130.10205004687108, 
1755296228.0747828, 174.69230549675638, 130.45442177631992, 
1755296228.815259, 174.55878129397615, 130.8039695250232, 
1755296229.5557358, 174.42838446990544, 131.15070336086757, 
1755296230.296212, 174.3010101162111, 131.49463286483044, 
1755296231.0366879, 174.1765573851526, 131.83576988681062, 
1755296231.777165, 174.05492983406407, 132.17412707184246, 
1755296232.5176408, 173.93603561567124, 132.50971645874358, 
1755296233.258117, 173.81978634976974, 132.84255217197463, 
1755296233.9985938, 173.70609733247193, 133.17264899348237, 
1755296234.73907, 173.59488788224826, 133.5000209945374, 
1755296235.4795458, 173.48608019037044, 133.82468417180453, 
1755296236.220023, 173.37959961365817, 134.14665505652545, 
1755296236.9604988, 173.27537498014283, 134.4659493842272, 
1755296237.700976, 173.17333740977358, 134.78258509690778, 
1755296238.4414518, 173.07342129748287, 135.09657885880196, 
1755296239.181928, 172.97556323029403, 135.40794902452498, 
1755296239.922405, 172.87970225624122, 135.716714311373, 
1755296240.662881, 172.78578017625478, 136.02289253241915, 
1755296241.4033568, 172.693740643196, 136.32650307015726, 
1755296242.1438339, 172.60352942864444, 136.6275655855326, 
1755296242.88431, 172.5150947431231, 136.92609878246617, 
1755296243.624786, 172.42838631667604, 137.2221228301399, 
1755296244.365263, 172.34335580958282, 137.51565809467172, 
1755296245.1057389, 172.25995693192164, 137.8067239530654, 
1755296245.846215, 172.17814477082663, 138.09534114284475, 
1755296246.5866919, 172.09787601859, 138.38153054031966, 
1755296247.327168, 172.01910925178413, 138.665311995894, 
1755296248.0676448, 171.94180407084446, 138.94670701418977, 
1755296248.808121, 171.86592191942492, 139.22573566823104, 
1755296249.5485969, 171.79142527163356, 139.50241925352532, 
1755296250.289074, 171.71827790747062, 139.77677911504838, 
1755296251.0295498, 171.64644512991816, 140.04883553708493, 
1755296251.770026, 171.57589313606866, 140.31860995110466, 
1755296252.5105028, 171.50658926733473, 140.58612379549436, 
1755296253.250979, 171.43850222192907, 140.85139743622665, 
1755296253.9914548, 171.37160146676496, 141.11445231831033, 
1755296254.731932, 171.3058574840939, 141.37530985875554, 
1755296255.4724078, 171.24124196106197, 141.633990393194, 
1755296256.212885, 171.17772717330632, 141.89051562194567, 
1755296256.9533608, 171.11528662311645, 142.14490580665665, 
1755296257.693837, 171.0538943987471, 142.3971821937463, 
1755296258.434314, 170.9935254207041, 142.64736595238128, 
1755296259.17479, 170.93415562407603, 142.89547716710513, 
1755296259.9152658, 170.8757614710438, 143.14153685467113, 
1755296260.655743, 170.8183201308953, 143.38556593515005, 
1755296261.396219, 170.7618097261506, 143.62758424334783, 
1755296262.136695, 170.7062088057359, 143.8676125039147, 
1755296262.877172, 170.6514965772202, 144.105671322399, 
1755296263.617648, 170.5976530723571, 144.34178023005825, 
1755296264.358124, 170.54465872427744, 144.57595960268367, 
1755296265.0986009, 170.49249453079676, 144.8082296845627, 
1755296265.839077, 170.44114226738162, 145.03860965114583, 
1755296266.5795538, 170.3905839549011, 145.26711979644517, 
1755296267.32003, 170.3408024113195, 145.4937790387682, 
1755296268.0605059, 170.29178075446055, 145.7186070829838, 
1755296268.800983, 170.24350256713512, 145.94162348345964, 
1755296269.5414588, 170.19595211176886, 146.1628467436156, 
1755296270.281935, 170.1491138913101, 146.38229612462771, 
1755296271.0224118, 170.10297285113626, 146.5999907253123, 
1755296271.762888, 170.05751452424852, 146.81594861234714, 
1755296272.5033638, 170.01272467418227, 147.03018857783812, 
1755296273.243841, 169.9685894516826, 147.24272924709356, 
1755296273.9843168, 169.92509556441115, 147.45358822657846, 
1755296274.724793, 169.88222989237647, 147.662783824735, 
1755296275.4652698, 169.83997968772258, 147.87033417689236, 
1755296276.205746, 169.7983326943874, 148.07625641738588, 
1755296276.9462228, 169.7572767723144, 148.28056863101267, 
1755296277.686699, 169.71680030894657, 148.48328763150698, 
1755296278.4271748, 169.6768918416377, 148.68443089339792, 
1755296279.167652, 169.63754020437955, 148.8840157173435, 
1755296279.9081278, 169.59873468209037, 149.08205842862952, 
1755296280.648604, 169.5604646642659, 149.2785759967373, 
1755296281.389081, 169.5227198264642, 149.47358521399036, 
1755296282.129557, 169.48549025585993, 149.6671019163288, 
1755296282.8700328, 169.4487661285719, 149.85914256461263, 
1755296283.6105099, 169.41253788461654, 150.04972344253335, 
1755296284.350986, 169.37679633111725, 150.23885989757255, 
1755296285.0914629, 169.34153231970186, 150.4265681349175, 
1755296285.831939, 169.30673712210114, 150.61286317534226, 
1755296286.5724149, 169.27240206566353, 150.7977606368412, 
1755296287.312892, 169.23851870412796, 150.98127596310002, 
1755296288.0533679, 169.20507893111989, 151.16342369065507, 
1755296288.793844, 169.1720746857888, 151.34421893822827, 
1755296289.5343208, 169.1394981205326, 151.52367665157976, 
1755296290.274797, 169.10734168670336, 151.7018108905598, 
1755296291.0152729, 169.0755979002618, 151.87863627884997, 
1755296291.75575, 169.0442594403819, 152.05416727478982, 
1755296292.4962258, 169.01331928815483, 152.22841746588716, 
1755296293.236702, 168.98277046636963, 152.40140099256797, 
1755296293.9771788, 168.95260615064217, 152.57313183218417, 
1755296294.717655, 168.9228198019931, 152.7436231098427, 
1755296295.4581318, 168.89340487068654, 152.91288871938312, 
1755296296.198608, 168.86435510316522, 153.08094148441012, 
1755296296.9390838, 168.83566428873564, 153.2477947595796, 
1755296297.679561, 168.80732633410918, 153.41346174412476, 
1755296298.4200368, 168.77933541333238, 153.57795481449227, 
1755296299.160513, 168.75168571273247, 153.74128686983184, 
1755296299.90099, 168.72437153791878, 153.90347065672563, 
1755296300.641466, 168.6973874414985, 154.0645181169366, 
1755296301.3819418, 168.67072797839666, 154.2244417059454, 
1755296302.1224189, 168.64438782887822, 154.3832537281017, 
1755296302.862895, 168.61836188528503, 154.54096570346601, 
1755296303.603371, 168.59264505160314, 154.69758965430344, 
1755296304.343848, 168.56723233926203, 154.85313745718366, 
1755296305.084324, 168.5421189712966, 155.00762021982604, 
1755296305.824801, 168.51730012500332, 155.16104975234344, 
1755296306.5652769, 168.49277122896024, 155.31343689470197, 
1755296307.305753, 168.46852769301552, 155.46479297698966, 
1755296308.0462298, 168.44456503734347, 155.61512918861342, 
1755296308.786706, 168.4208789584137, 155.764455981064, 
1755296309.5271819, 168.39746515472672, 155.91278428364012, 
1755296310.267659, 168.37431940697735, 156.06012489271126, 
1755296311.0081348, 168.35143768497636, 156.2064878792944, 
1755296311.748611, 168.32881593323168, 156.3518837880946, 
1755296312.4890878, 168.3064501933555, 156.49632303214185, 
1755296313.229564, 168.28433666311918, 156.6398153180948, 
1755296313.9700408, 168.26247150624886, 156.78237100755132, 
1755296314.710517, 168.24085108358332, 156.923999568437, 
1755296315.4509928, 168.21947172436046, 157.06471093008298, 
1755296316.19147, 168.19832985447255, 157.20451489576908, 
1755296316.9319458, 168.1774220324172, 157.34342058973354, 
1755296317.672422, 168.15674481299573, 157.48143758649437, 
1755296318.412899, 168.1362948123413, 157.61857534276285, 
1755296319.153375, 168.1160687982702, 157.75484264748965, 
1755296319.8938508, 168.09606351684198, 157.89024873516195, 
1755296320.634328, 168.07627577404116, 158.0248027261374, 
1755296321.3748038, 168.05670252024458, 158.15851308771187, 
1755296322.11528, 168.0373406885151, 158.29138872510808, 
1755296322.855757, 168.01818725735615, 158.42343843513038, 
1755296323.596233, 167.99923935201247, 158.55467037394357, 
1755296324.33671, 167.98049404663294, 158.68509330617718, 
1755296325.0771859, 167.96194856272643, 158.81471518891803, 
1755296325.817662, 167.94360010905666, 158.94354440599685, 
1755296326.5581388, 167.92544593865154, 159.07158923885038, 
1755296327.298615, 167.9074834308406, 159.19885735196715, 
1755296328.0390909, 167.88970994207216, 159.32535683200683, 
1755296328.779568, 167.87212287269165, 159.45109566657345, 
1755296329.5200438, 167.8547197465188, 159.57608123886047, 
1755296330.26052, 167.8374980606115, 159.70032134899907, 
1755296331.0009968, 167.82045535002368, 159.82382370207998, 
1755296331.741473, 167.8035892735681, 159.94659541054259, 
1755296332.4819489, 167.7868974504446, 160.06864399997903, 
1755296333.222426, 167.77037755735006, 160.18997690115933, 
1755296333.9629018, 167.7540273673219, 160.31060096791722, 
1755296334.703379, 167.73784461098728, 160.43052362023246, 
1755296335.4438548, 167.72182713935933, 160.54975154404383, 
1755296336.184331, 167.70597278233276, 160.66829182645552, 
1755296336.9248078, 167.69027940346734, 160.7861514683911, 
1755296337.665284, 167.6747449698156, 160.90333691121592, 
1755296338.4057598, 167.65936741871752, 161.0198549935088, 
1755296339.146237, 167.64414472069984, 161.13571247058576, 
1755296339.8867128, 167.62907494640518, 161.2509155494495, 
1755296340.627189, 167.6141561364842, 161.36547082916235, 
1755296341.367666, 167.5993863668981, 161.47938482816303, 
1755296342.108142, 167.58476380021028, 161.59266352882565, 
1755296342.848619, 167.57028655711366, 161.7053134512871, 
1755296343.5890949, 167.55595286500198, 161.8173404319027, 
1755296344.329571, 167.54176092018974, 161.9287506912784, 
1755296345.0700479, 167.5277089534747, 162.03955037416037, 
1755296345.810524, 167.51379528046982, 162.14974510579202, 
1755296346.5509999, 167.50001818564783, 162.25934089081932, 
1755296347.291477, 167.48637598604807, 162.36834366113237, 
1755296348.0319529, 167.47286707527638, 162.47675883961432, 
1755296348.772429, 167.45948982557053, 162.58459222291603, 
1755296349.5129058, 167.4462426262357, 162.69184953935672, 
1755296350.253382, 167.433123955369, 162.79853601591043, 
1755296350.9938579, 167.42013225754846, 162.90465725044257, 
1755296351.734335, 167.40726600574692, 163.01021877338957, 
1755296352.4748108, 167.39452374187545, 163.11522562580964, 
1755296353.215288, 167.3819039702297, 163.21968335392046, 
1755296353.9557638, 167.36940528115065, 163.32359687768354, 
1755296354.69624, 167.3570262427043, 163.42697147886417, 
1755296355.4367168, 167.34476543883886, 163.5298123775704, 
1755296356.177193, 167.33262152794225, 163.63212431809194, 
1755296356.9176688, 167.32059314158204, 163.73391240307848, 
1755296357.658146, 167.3086789306089, 163.8351816751353, 
1755296358.3986218, 167.2968776145729, 163.93593671024803, 
1755296359.139098, 167.28518788639207, 164.0361824386188, 
1755296359.879575, 167.27360846081086, 164.13592373220115, 
1755296360.620051, 167.26213811210016, 164.23516500552853, 
1755296361.3605268, 167.25077559328054, 164.3339110228147, 
1755296362.101004, 167.23951967440075, 164.43216649258108, 
1755296362.84148, 167.22836919074456, 164.52993567295616, 
1755296363.5819569, 167.21732293148892, 164.62722330028464, 
1755296364.322433, 167.20637976552172, 164.7240335326687, 
1755296365.062909, 167.19553853498195, 164.8203708719379, 
1755296365.803386, 167.18479810022666, 164.91623976756114, 
1755296366.5438619, 167.17415737744585, 165.01164423242193, 
1755296367.284338, 167.16361525990834, 165.10658861891218, 
1755296368.0248148, 167.15317065606092, 165.2010772292954, 
1755296368.765291, 167.1428225343946, 165.2951139356986, 
1755296369.5057669, 167.13256983033818, 165.38870294769907, 
1755296370.246244, 167.12241150057713, 165.4818484256272, 
1755296370.9867198, 167.11234655910067, 165.57455410698844, 
1755296371.727197, 167.10237397454654, 165.66682418724417, 
1755296372.4676728, 167.09249278808312, 165.75866231746878, 
1755296373.208149, 167.08270201058673, 165.85007247953808, 
1755296373.9486258, 167.07300067397233, 165.9410586091345, 
1755296374.689102, 167.06338785568437, 166.03162423182258, 
1755296375.4295778, 167.05386261188465, 166.12177319965582, 
1755296376.170055, 167.04442401105467, 166.21150932087517, 
1755296376.9105308, 167.03507117467757, 166.30083599936117, 
1755296377.651007, 167.02580319221698, 166.38975696329214, 
1755296378.3914838, 167.01661917513286, 166.47827589740743, 
1755296379.13196, 167.00751827589352, 166.5663960899304, 
1755296379.8724358, 166.99849962947155, 166.65412114800637, 
1755296380.612913, 166.98956237612975, 166.74145463924438, 
1755296381.3533888, 166.98070570896175, 166.8283997389644, 
1755296382.0938659, 166.9719287807174, 166.9149600565023, 
1755296382.834342, 166.96323080858002, 167.00113869465946, 
1755296383.574818, 166.95461097713775, 167.08693907200905, 
1755296384.315295, 166.94606848970625, 167.1723645678796, 
1755296385.0557709, 166.93760258986345, 167.25741818106317, 
1755296385.796247, 166.92921249893197, 167.3421032212008, 
1755296386.5367239, 166.92089744896748, 167.42642296136577, 
1755296387.2772, 166.91265671697101, 167.51038029891367, 
1755296388.0176759, 166.90448955680762, 167.59397843901675, 
1755296388.758153, 166.89639522541114, 167.67722055286404, 
1755296389.4986289, 166.88837303160778, 167.76010944020877, 
1755296390.239105, 166.8804222549852, 167.84264820648565, 
1755296390.9795818, 166.87254218895538, 167.92483992278778, 
1755296391.720058, 166.8647321621259, 168.00668729648538, 
1755296392.4605348, 166.85699147506506, 168.08819344595355, 
1755296393.201011, 166.84931947685652, 168.1693610177747, 
1755296393.9414868, 166.84171549738494, 168.25019295795065, 
1755296394.681964, 166.83417886808456, 168.3306921816924, 
1755296395.4224398, 166.82670896841057, 168.41086124708409, 
1755296396.162916, 166.81930514766793, 168.490703010422, 
1755296396.9033928, 166.81196676712096, 168.5702202968033, 
1755296397.643869, 166.80469322741527, 168.64941558025393, 
1755296398.3843448, 166.79748390569733, 168.72829162930043, 
1755296399.124822, 166.7903381856279, 168.8068511829787, 
1755296399.8652978, 166.78325549290588, 168.88509663376422, 
1755296400.6057749, 166.77623521310971, 168.9630307720501, 
1755296401.346251, 166.7692767876742, 169.04065593747526, 
1755296402.086727, 166.76237962821943, 169.1179747607752, 
1755296402.827204, 166.75554315932908, 169.19498984363364, 
1755296403.56768, 166.7487668397335, 169.2717034502919, 
1755296404.308156, 166.74205010321577, 169.34811813206687, 
1755296405.0486329, 166.73539239816654, 169.42423641228447, 
1755296405.789109, 166.72879319925886, 169.5000604821767, 
1755296406.529585, 166.72225196506957, 169.57559281635537, 
1755296407.270062, 166.7157681615558, 169.65083586318622, 
1755296408.0105379, 166.70934128267965, 169.72579174318372, 
1755296408.751014, 166.70297080767222, 169.80046285716085, 
1755296409.4914908, 166.6966562192469, 169.8748515814531, 
1755296410.231967, 166.69039703283516, 169.94895996783015, 
1755296410.9724438, 166.68419273854778, 170.0227904456724, 
1755296411.71292, 166.67804286005253, 170.09634502325747, 
1755296412.4533958, 166.671946906823, 170.16962598489496, 
1755296413.193873, 166.66590439391183, 170.24263559128073, 
1755296413.9343488, 166.65991486353397, 170.315375786272, 
1755296414.674825, 166.65397784301507, 170.38784878737073, 
1755296415.4153018, 166.64809286207299, 170.4600567899239, 
1755296416.155778, 166.64225948115683, 170.53200167554232, 
1755296416.8962538, 166.6364772427438, 170.60368559766314, 
1755296417.636731, 166.63074569488674, 170.67511068781846, 
1755296418.3772068, 166.62506441211934, 170.74627876817596, 
1755296419.117683, 166.61943295519535, 170.81719192979546, 
1755296419.8581598, 166.61385088404268, 170.88785224344622, 
1755296420.598636, 166.6083177923042, 170.9582614732123, 
1755296421.339113, 166.6028332424637, 171.02842174581843, 
1755296422.079589, 166.59739683721557, 171.09833478823205, 
1755296422.8200648, 166.5920081590137, 171.1680025933283, 
1755296423.5605419, 166.5866667966775, 171.23742713378599, 
1755296424.301018, 166.58137236250712, 171.30661008314146, 
1755296425.041494, 166.57612445496534, 171.37555337755373, 
1755296425.781971, 166.570922675006, 171.44425893424915, 
1755296426.5224469, 166.56576665087198, 171.51272837406134, 
1755296427.262923, 166.560655993215, 171.58096357892606, 
1755296428.0033998, 166.55559031593657, 171.6489664122569, 
1755296428.743876, 166.55056926035138, 171.7167384444921, 
1755296429.4843528, 166.54559244299622, 171.7842815961247, 
1755296430.224829, 166.54065951154257, 171.85159740514774, 
1755296430.9653049, 166.535770098468, 171.9186876667693, 
1755296431.705782, 166.53092384094816, 171.98555415842895, 
1755296432.4462578, 166.52612039755172, 172.05219837088205, 
1755296433.186734, 166.52135941244802, 172.1186220497861, 
1755296433.9272108, 166.5166405343383, 172.18482692349033, 
1755296434.667687, 166.51196343479273, 172.25081443669953, 
1755296435.4081628, 166.50732776876146, 172.3165862871386, 
1755296436.14864, 166.50273319724175, 172.38214415577437, 
1755296436.8891158, 166.49817940051594, 172.44748944336985, 
1755296437.629592, 166.49366604762866, 172.51262380081732, 
1755296438.3700688, 166.48919280642133, 172.57754886396108, 
1755296439.110545, 166.48475937129712, 172.64226599026833, 
1755296439.851022, 166.48036541362194, 172.7067768732212, 
1755296440.591498, 166.47601063361833, 172.7710828427634, 
1755296441.3319738, 166.47169471343125, 172.83518547678858, 
1755296442.0724509, 166.46741734280778, 172.8990863374068, 
1755296442.812927, 166.46317822963067, 172.96278671455926, 
1755296443.553403, 166.45897706930032, 173.0262881432815, 
1755296444.29388, 166.45481355942098, 173.08959214419158, 
1755296445.0343559, 166.45068741757774, 173.1526999682432, 
1755296445.774832, 166.4465983487841, 173.21561310952717, 
1755296446.5153089, 166.44254606014516, 173.27833304824134, 
1755296447.255785, 166.4385302781734, 173.34086099772694, 
1755296447.996261, 166.43455071673736, 173.40319841253822, 
1755296448.736738, 166.43060709360873, 173.46534673353915, 
1755296449.4772139, 166.42669914195733, 173.52730713801034, 
1755296450.217691, 166.42282658048674, 173.58908112541826, 
1755296450.9581668, 166.41898914905744, 173.65066984923735, 
1755296451.698643, 166.41518657766176, 173.71207470074404, 
1755296452.4391198, 166.41141859548463, 173.77329705899476, 
1755296453.179596, 166.4076849526616, 173.8343380427269, 
1755296453.9200718, 166.40398538526375, 173.89519900737233, 
1755296454.660549, 166.40031963258002, 173.9558812958766, 
1755296455.4010248, 166.3966874509677, 174.01638599398294, 
1755296456.141501, 166.3930885852589, 174.07671442206453, 
1755296456.8819778, 166.38952278265918, 174.1368678883139, 
1755296457.622454, 166.3859898083757, 174.19684744619647, 
1755296458.362931, 166.38248940738345, 174.25665446322304, 
1755296459.103407, 166.37902135039315, 174.31628997193795, 
1755296459.8438828, 166.37558539562843, 174.37575523652555, 
1755296460.58436, 166.3721812996531, 174.43505151067356, 
1755296461.324836, 166.3688088411525, 174.49417979612912, 
1755296462.065312, 166.36546778244292, 174.55314132579022, 
1755296462.805789, 166.36215789285887, 174.61193732032956, 
1755296463.546265, 166.35887895252415, 174.67056875323806, 
1755296464.286741, 166.35563073387857, 174.7290368255967, 
1755296465.0272179, 166.35241301037428, 174.78734272798312, 
1755296465.767694, 166.34922557269323, 174.84548740451686, 
1755296466.50817, 166.34606819658455, 174.9034720269738, 
1755296467.248647, 166.34294066417021, 174.961297755669, 
1755296467.9891229, 166.3398427682949, 175.01896550810648, 
1755296468.7296, 166.33677429311405, 175.07647650309707, 
1755296469.4700758, 166.3337350348212, 175.1338316404614, 
1755296470.210552, 166.3307247835408, 175.1910320429962, 
1755296470.9510288, 166.32774332926664, 175.2480788240265, 
1755296471.691505, 166.32479047928098, 175.3049728562445, 
1755296472.4319808, 166.32186602556135, 175.3617152356386, 
1755296473.172458, 166.31896976672886, 175.41830704765619, 
1755296473.9129338, 166.31610151307535, 175.47474914027458, 
1755296474.65341, 166.31326106506805, 175.53104258217616, 
1755296475.3938868, 166.31044822646817, 175.58718843235886, 
1755296476.134363, 166.3076628114065, 175.64318751478413, 
1755296476.8748388, 166.3049046291676, 175.6990408714333, 
1755296477.615316, 166.30217348535518, 175.75474953647324, 
1755296478.3557918, 166.29946920276257, 175.8103143093615, 
1755296479.096269, 166.29679159003706, 175.86573628228447, 
1755296479.8367448, 166.29414047085703, 175.92101623983356, 
1755296480.577221, 166.29151566101376, 175.97615518306432, 
1755296481.317698, 166.28891697753664, 176.03115410454475, 
1755296482.058174, 166.286344249938, 176.0860137662871, 
1755296482.7986498, 166.28379730036238, 176.1407351450482, 
1755296483.5391269, 166.2812759491472, 176.19531921026234, 
1755296484.279603, 166.27878003202136, 176.24976670177958, 
1755296485.020079, 166.2763093737306, 176.30407857380897, 
1755296485.760556, 166.2738638013496, 176.3582557723518, 
1755296486.5010319, 166.2714431551433, 176.41229901622734, 
1755296487.241509, 166.26904726089498, 176.46620931004054, 
1755296487.9819849, 166.26667596123474, 176.51998735901776, 
1755296488.722461, 166.26432908916007, 176.5736340803012, 
1755296489.4629378, 166.2620064801655, 176.6271503829577, 
1755296490.203414, 166.25970798059626, 176.68053695244228, 
1755296490.9438899, 166.25743342857055, 176.73379468426828, 
1755296491.684367, 166.25518266294756, 176.7869244666836, 
1755296492.4248428, 166.25295553506572, 176.83992696553827, 
1755296493.165319, 166.25075188577915, 176.89280305604848, 
1755296493.9057958, 166.24857156134925, 176.94555360513704, 
1755296494.646272, 166.24641441435125, 176.99817926061172, 
1755296495.3867478, 166.24428029210782, 177.05068087691038, 
1755296496.127225, 166.242169043677, 177.103059301492, 
1755296496.8677008, 166.24008052554262, 177.15531516383757, 
1755296497.608178, 166.23801458663087, 177.2074493691902, 
1755296498.3486538, 166.23597108782542, 177.25946253475897, 
1755296499.08913, 166.23394988266773, 177.31135548296962, 
1755296499.829607, 166.23195082531248, 177.3631290297059, 
1755296500.570083, 166.22997378056925, 177.41478377475562, 
1755296501.3105588, 166.2280186058726, 177.46632052200545, 
1755296502.051036, 166.22608516052946, 177.5177400685032, 
1755296502.791512, 166.2241733113213, 177.56904299773436, 
1755296503.531988, 166.22228292047475, 177.62023009520567, 
1755296504.272465, 166.2204138497308, 177.6713021404639, 
1755296505.012941, 166.21856597033047, 177.72225970043274, 
1755296505.753417, 166.21673914736743, 177.77310354321457, 
1755296506.4938939, 166.21493324720262, 177.82383443082074, 
1755296507.23437, 166.2131481436311, 177.8744529144918, 
1755296507.9748468, 166.21138370438734, 177.9249598131129, 
1755296508.715323, 166.20963980368623, 177.97535566808955, 
1755296509.4557989, 166.2079163143934, 178.02564121895972, 
1755296510.196276, 166.20621310641235, 178.07581720045593, 
1755296510.9367518, 166.2045300607797, 178.12588413797496, 
1755296511.677228, 166.20286705172242, 178.17584275534628, 
1755296512.4177048, 166.20122395344202, 178.22569377095954, 
1755296513.158181, 166.19960064949862, 178.27543769577613, 
1755296513.8986568, 166.19799701664402, 178.32507523796735, 
1755296514.639134, 166.19641293347922, 178.3746071000603, 
1755296515.3796098, 166.19484828600622, 178.4240337789355, 
1755296516.120087, 166.19330295251387, 178.4733560339049, 
1755296516.8605628, 166.19177681997695, 178.5225743528831, 
1755296517.601039, 166.19026977148684, 178.57168941851842, 
1755296518.341516, 166.1887816902879, 178.6207019083367, 
1755296519.081992, 166.18731246659632, 178.66961229662027, 
1755296519.8224678, 166.18586198601213, 178.71842125152017, 
1755296520.562945, 166.1844301354002, 178.76712943589587, 
1755296521.3034208, 166.18301680721328, 178.81573731105385, 
1755296522.043897, 166.18162188970996, 178.86424553099323, 
1755296522.784374, 166.1802452723835, 178.91265474456176, 
1755296523.52485, 166.17888685117885, 178.96096540010817, 
1755296524.2653258, 166.1775465169248, 179.0091781378459, 
1755296525.0058029, 166.17622416165636, 179.05729359301293, 
1755296525.746279, 166.17491968340437, 179.10531220171967, 
1755296526.4867558, 166.17363297463703, 179.15323465517244, 
1755296527.227232, 166.17236393501878, 179.20106138147167, 
1755296527.9677079, 166.17111245986007, 179.24879299861203, 
1755296528.708185, 166.16987844583304, 179.2964301197976, 
1755296529.4486609, 166.16866179582934, 179.34397316103806, 
1755296530.189137, 166.16746240669448, 179.3914227278284, 
1755296530.9296138, 166.16628017847512, 179.43877942046032, 
1755296531.67009, 166.16511501492857, 179.48604364386551, 
1755296532.4105659, 166.1639668172674, 179.53321599052023, 
1755296533.151043, 166.1628354867671, 179.5802970487288, 
1755296533.8915188, 166.16172092985107, 179.62728721213037, 
1755296534.631995, 166.1606230503449, 179.67418706103942, 
1755296535.3724718, 166.15954175192422, 179.7209971717181, 
1755296536.112948, 166.15847694299305, 179.76771792703792, 
1755296536.8534248, 166.1574285281202, 179.8143499585024, 
1755296537.593901, 166.1563964175183, 179.86089364181942, 
1755296538.3343768, 166.1553805178999, 179.90734953810875, 
1755296539.074854, 166.15438073756889, 179.95371820397764, 
